{"cameraMode":{"drawMode":0,"name":"Shaded","section":"Shading Mode"},"sceneLighting":true,"audioPlay":false,"sceneViewState":{"m_AlwaysRefresh":false,"showFog":true,"showSkybox":true,"showFlares":true,"showImageEffects":true,"showParticleSystems":true,"showVisualEffectGraphs":true,"m_FxEnabled":true},"in2DMode":false,"pivot":{"x":15.491398811340332,"y":4.446220397949219,"z":22.241987228393556},"rotation":{"x":-0.667473316192627,"y":-0.0017892660107463599,"z":0.0016021650517359377,"w":-0.7446354627609253},"size":37.57243728637695,"orthographic":false}