{"cameraMode":{"drawMode":0,"name":"Shaded","section":"Shading Mode"},"sceneLighting":true,"audioPlay":false,"sceneViewState":{"m_AlwaysRefresh":false,"showFog":true,"showSkybox":true,"showFlares":true,"showImageEffects":true,"showParticleSystems":true,"showVisualEffectGraphs":true,"m_FxEnabled":true},"in2DMode":false,"pivot":{"x":18.586898803710939,"y":2.337007522583008,"z":21.231178283691408},"rotation":{"x":-0.667473316192627,"y":-0.0017892660107463599,"z":0.0016021650517359377,"w":-0.7446354627609253},"size":28.64377212524414,"orthographic":false}