{"cameraMode":{"drawMode":0,"name":"Shaded","section":"Shading Mode"},"sceneLighting":false,"audioPlay":false,"sceneViewState":{"m_AlwaysRefresh":false,"showFog":true,"showSkybox":false,"showFlares":true,"showImageEffects":true,"showParticleSystems":true,"showVisualEffectGraphs":true,"m_FxEnabled":true},"in2DMode":false,"pivot":{"x":-0.40858733654022219,"y":-0.12970532476902009,"z":5.82358455657959},"rotation":{"x":-0.05277124419808388,"y":0.023064035922288896,"z":-0.0012202387442812324,"w":-0.9983425736427307},"size":7.795853614807129,"orthographic":false}